,lemma,form,naitelause
0,mina,Mul,Mul käivad tihti peal tujud
1,kodu,kodus,kes jõulude ajal ajal kodus käis
2,baar,baaris,Istusin baaris
6,pooltund,pooltunnil,Meediamagnaat LUIK lahkus koos koos kaaslase SELLE MÕTSARiga etenduselt pooltunnil
8,mõte,mõttes,käib mõttes tema pärast pärast vahet
14,poksiring,poksiringist,Saul lahkus poksiringist aastal
18,kaubamaja,kaubamajas,sõnul käis Eelmaa koguni kaubamajas valimas toonida
20,tasku,taskust,Aeg-ajalt liiguvad taskust suhu päevakübaratabletid
21,kes,kellel,kellel käis aja kannul kannul salateenistus
23,Kroonika,Kroonikas,Kroonikas astuvad üles noormeest
28,riik,riigis,laamendamine riigis edasi käib
32,elu,ellu,Astusin inimese ellu
46,talu,talus,saada käis Tiina koos koos perega suvel talus abiks
47,mäng,mängudel,mängudel jooksis hääl viuksti kinni
48,vets,vetsus,Käisin vetsus ära
56,aktus,aktusel,Istusin poiste-tüdrukutega koos koos aktusel
61,Vatikan,Vatikanis,Jõuluööl aga käis missal Vatikanis
76,finaalvõistlus,finaalvõistlusel,Koos käisid nad finaalvõistlusel
81,Venemaa,Venemaal,Nad käisid meiega sageli Venemaal kaasas
84,serv,serval,Ülo istub serval külas
91,konkurss,konkursil,Käisin konkursil
97,fuajee,fuajeesse,Astusin fuajeesse
105,WC,WCs,Tavaliselt käivad tüdrukud käekotiga WCs
114,firma,firmas,käib firmas tööl
117,partner,partnerile,partnerile töö istus
118,põhi,põhja,teine tema asemel asemel korras kolinal põhja käiks
127,loodus,looduses,Käisime looduses jalutamas
131,diskoteek,Diskoteegis,Diskoteegis käime harva siis tohib
140,kahjum,kahjumisse,jooksis kahjumisse
141,sokk,sokkides,liikus ringi sokkides
145,tavaline,tavalisest,röövlindude juures juures käivad tavalisest emased käsikäes
146,sünnipäevapidu,sünnipäevapeol,arhitektid ei istu sünnipäevapeol koos
147,p,p,käi p
156,parras,pardalt,Helen astus maale pardalt sadamas
159,ettevõtlus,ettevõtlusesse,Tema astus ettevõtlusesse lainega
160,rahvarõivas,rahvarõivastes,rahvuspüha õhtul rahvarõivastes lavale astus
170,balletitantsija,balletitantsijatest,Alar istus balletitantsijatest sõpradega balletikoolist
174,metskond,metskonnale,praegu käib korrashoid metskonnale selgelt üle üle jõu
176,riigiamet,riigiametis,arvata siis käib kümnendik riigiametis
179,raamatukauplus,raamatukauplustes,käin alati raamatukauplustes
182,kultuur,kultuurile,Suurkodanlus astus kultuurile lähemale
184,raamatukogu,raamatukogudes,käib raamatukogudes
199,klaastorn,klaastornides,tippmängurid istuvad klaastornides
205,sõjatehnika,sõjatehnikas,Alates Alates sellest käib sõjatehnikas võistlus
207,Bundestagi,Bundestagis,Bundestagis käib käteväänamine asjus
214,Sotshi,Sotshis,kes Sotshis käinud
215,kaitsejõud,Kaitsejõududes,Kaitsejõududes käib praegu ettevalmistamine
217,aedlinn,aedlinna,Teel aedlinna jookseb järve Sulaoja
229,industriaalühiskond,industriaalühiskonnast,maailm liigub industriaalühiskonnast infoühiskonda
235,luba,loal,info liigub majast välja loal
236,toake,toakeses,erukolonelleitnant istub toakeses
240,Külvet,Külvetil,Paraku jookseb halastamatus Külvetil liiva
244,varifirma,varifirmale,Nõnda liikus raha varifirmale
248,oleng,olengult,Üks lahkus olengult kella poole kaheteistkümne paiku paiku
258,Võrumaa,Võrumaal,kes käis Taaliga koos koos koolis Võrumaal
265,Frankfurt,Frankfurdis,Frankfurdis liikus Joschka seal kogunes
267,otsesaade,otsesaatest,ta otsesaatest lihtsalt sõnalt lahkus
269,rühm,rühmas,rühmas käib lapsi üle üle Tallinna
273,sektor,sektoritest,Pikaajaliselt liigub kapital sektoritest energiasäästlikumatesse
277,läänerinne,Läänerindel,Läänerindel käib sõda
278,botaanikaaed,botaanikaaedades,botaanikaaedades käivad vanemad
280,Ines,Inesele,Astub Inesele lähemale
285,õppekäik,õppekäikudel,Reeglina käivad õpilased õpetajatega sagedamini õppekäikudel ole
286,klient,kliendile,Nii käib ta kliendile demonstreerimas
287,troopika,troopikast,liikus troopikast aladele
291,Kagu-Eesti,Kagu-Eestis,Aastaks käib Kagu-Eestis koolis tõenäoliselt õpilase asemel asemel 15 000
294,kehtivus,kehtivusest,Nii käib siin jutt käitumisnormi kehtivusest läbi läbi prisma
295,mõlemasuunaline,mõlemasuunaliselt,info liiguks mõlemasuunaliselt
297,prügikast,prügikastides,Nüüd käivad inimesed prügikastides
309,tegija,tegijaile,projekt käis tegijaile üle üle jõu
311,südatalv,südatalvel,Kahjuks käisin seal südatalvel magas
313,kurat,kuradile,käige kuradile riigiga
322,akadeemia,akadeemiasse,seal on akadeemiasse astunud tudengit
324,hing,hinge,käivad hinge peale peale
328,MM,MM-il,Viimati astus suursoosikuna võistlustulle sõudja MM-il teda
329,lõige,lõikes,Estonias käib lõikes välismaalasi protsenti
336,pöörlemine,pöörlemisele,Lootelained liiguvad pöörlemisele vastassuunas
341,Niskamäe,Niskamäelt,Ilona lahkuvad koos koos Niskamäelt
342,aruveri,Aruverest,Noored lahkuvad Aruverest koolidesse
348,Lasnamäe,Lasnamäel,Käivad Lasnamäel koolis
350,spordihall,spordihalli,koondislasi tõttab otsemaid spordihalli peetakse
356,õpilane,õpilastel,Varem käisime õpilastel kodus
363,töökoht,töökohalt,töötut oli eelmiselt töökohalt lahkunud soovil
372,harjumus,harjumusest,Eile käis Hellenurm harjumusest ostmas
375,plaanikomitee,plaanikomitees,Käisime Rein Moskvas plaanikomitees hankimas
376,lagu,laos,Käisin laos tööriietes
378,jalam,jalamil,Nimelt enne enne sõitu käisime Nepaalis olles ära jalamil paik
390,Saloniki-lennuk,Saloniki-lennukile,Saloniki-lennukile istub härrasmees
394,telefonivalve,telefonivalves,Istusin siis sõbranna pool pool telefonivalves
408,pööre,pööretel,elu käib pööretel
411,tulistamispaik,tulistamispaigalt,mehed lahkusid tulistamispaigalt autoga
420,metsamaterjal,metsamaterjalist,Aasta tagasi tagasi liikus grupi kaudu kaudu viiendik metsamaterjalist
426,olümpia,olümpial,olümpial käinud
429,kunst,kunstist,mis ettekujutusega kunstist kokku ei käi
431,fännklubi,fännklubisse,fännklubisse astub Suurbritannias last
435,keskturg,keskturul,Nädalavahetustel käin vastavalt vastavalt rahakotile keskturul
437,turist,turisti,vaatamisväärsusi käis mullu vaatamas turisti
438,iga,igal,Muidugi käivad nad korra aastas igal kontrollimas
444,sõjaväeosa,sõjaväeosades,kes käivad noormeestele sõjaväeosades küpsetamas
451,Keila,Keilasse,Tankidiviis liigub Paldiskist Keilasse
463,pensionipäev,pensionipäeval,ema käis pensionipäeval kodus
465,keskmängija,keskmängijale,keskmängijale astus seejärel vastu Barkley
473,Gröönimaa,Gröönimaal,Enne Enne tulekut käis Galyani Gröönimaal
475,kaalukauss,kaalukausile,Edgar astusid eile kahekesi vasakule kaalukausile
476,loomapark,loomapargis,Korra käisime loomapargis silitamas
479,tualettruum,tualettruumi,Tapja jooksis tualettruumi
488,kontroll,kontrollis,enamik pole kunagi kontrollis käinud
492,Tshehhimaa,Tshehhimaalt,nädalate jooksul jooksul on mustlased lahkunud Tshehhimaalt väites
497,klassiruum,klassiruumis,Õpilased istuvad klassiruumis jopedes
499,avapäev,avapäeval,peaesinejast astub üles täna avapäeval
510,tööasi,tööasjus,näitleja käib Saaremaal tööasjus
511,lähinädal,lähinädalatel,liikmed käivad lähinädalatel vabatahtlikult mööda mööda koole
513,iste,istmetel,Tänu Tänu kerele istuvad sõitjad istmetel rühikalt
516,tuhat,tuhandesse,enne astume tuhandesse
517,valimisjaoskond,valimisjaoskonda-des,100 000 kodanikust käis valimisjaoskonda-des hääletamas inimest
520,isik,isikutele,fraktsioon käis teisipäeval välja isikutele idee
540,suvetöö,suvetööl,Pigem käigu laps suvetööl jääb
541,aupaiste,aupaistes,aupaistes lahkus väljakult väravavaht
542,vangimaja,vangimajas,kindlustuspetturina vangimajas istuvat
543,Jacksonville,Jacksonville'is,William istusid teisipäeval Jacksonville'is kodus
548,meeskond,meeskonnast,seletuskirjade järgi järgi jooksis Puusaag hetkel meeskonnast eespool
553,infokeskus,Infokeskusesse,Infokeskusesse jookseb kokku teave
563,Savonlinn,Savonlinnast,Dirigent tõttas laupäeval pärast pärast Soomest Savonlinnast saabumist Õllesummerile nautida
573,psühhiaatriahaigla,psühhiaatriahaiglas,psühhiaatriahaiglas ravil käinud
583,kujundamine,kujundamisel,me ei käi kujundamisel kaasa arengutega
589,XXL,XXLil,XXLil on partnerid Lätis käivad avaruste suunas suunas
594,talutare,talutarest,talutarest Tartusse suurkooli astunud
618,viies,viiendas,istub viiendas
622,likvideerimistöö,likvideerimistöödel,likvideerimistöödel käinud
632,hõbe,hõbedale,kes jooksis end olümpial hõbedale
645,valupisar,valupisarais,Magnusson jooksis valupisarais silmadega soojendusringi
649,bordell,bordellis,käisid korda bordellis
657,võsa,võsas,kes käis korra võsas
660,mägietapp,mägietapil,Sõitnud astus Jaan eile mägietapil sadulast
666,oblast,oblastis,oblastis teele astunud
669,Daiwa-juhtum,Daiwa-juhtumist,jutt käib ju Daiwa-juhtumist
679,kultuurikeskus,kultuurikeskusest,Pärast Pärast tulistamist jooksis kurjategija kultuurikeskusest välja üle üle puiestee
687,koolieelik,koolieelikust,mees liikus rahvahulgas koolieelikust pojaga
701,riigikaitsekursus,riigikaitsekursusel,riigikaitsekursusel ta on käinud
717,eratelekanal,eratelekanalitele,maksmine käib eratelekanalitele üle üle jõu
721,albaanlane,albaanlastest,organisatsioon astus Kosovos ennastületavalt välja albaanlastest kaitseks
737,türm,türmis,helilooja istub detsembrist Stokholmis türmis
742,kehastus,kehastuses,lavale astub ta kehastuses
744,rahvaraamatukogu,rahvaraamatukogus,Tema käib rahvaraamatukogus
754,hää,hääs,Käin trennis hääs lootuses
756,noortetreener,noortetreenerile,käisin 9aastaselt noortetreenerile näitamas
767,kõnelus,kõnelustelt,Arafat lahkus kõnelustelt rääkimata
771,kohtuvaidlus,kohtuvaidlustest,Areng käib kohtuvaidlustest hoolimata hoolimata
776,Philadelphia,Philadelphias,Põhihooajal oli Penguins viimati Philadelphias võitjana lahkunud veebruaris
780,jooks,jooksus,"Nool jooksis jooksus 4.29 , 48-ga rekordi"
808,proovisõit,proovisõidul,käis autoga proovisõidul
811,kunstinäitus,kunstinäitusel,Hiljuti käisin puuetega kunstinäitusel pildid
816,võrkpallimaa,võrkpallimaast,sõnul käib jutt võrkpallimaast
827,loosimine,loosimisele,Vastavalt Vastavalt loosimisele astub laul lavale neljandana
830,teerist,teeristidest,teeristidest käisin ringiga mööda
850,kujunditering,kujunditeringist,tumemeelsest kujunditeringist liigub autor ikka vabavärsside poole poole
858,liiduvabariik,liiduvabariigist,treenereile jooksis liiduvabariigist lisapalk
868,Nigula,Nigulas,kes Nigulas vaatamas käivad
885,liikumine,liikumistest,Lisanimekirjas liikusid aktsiad omasoodu liikumistest
889,näidikplokk,näidikplokis,näidikplokis jooksevad tulekesed üles-alla
894,vanematekodu,vanematekodus,Tunne suvel vanematekodus puhkamas käisid
895,nurjama,nurjas,Istungi nurjas opositsioon
906,maiparaad,maiparaadil,pole põhimõtteliselt iialgi käinud maiparaadil
928,Klementi,Klementis,Praegu käivad Klementis praktikal tüdrukud
941,näitustekeskus,näitustekeskuses,mees astuvad kohtu ette ette mail näitustekeskuses
942,ajaleht,ajalehes,Virkus käis neljapäeval ajalehes välja idee
957,tüdrukutekool,tüdrukutekoolis,tüdrukutekoolis käinud
958,esindaja,esindajaist,Kes esindajaist läbirääkimiste laua taha taha istuvad
968,õpilasaasta,õpilasaastail,Otto astus õpilasaastail vabatahtlikuna kaitseväkke
979,tugikeskus,tugikeskuses,Päevas käib tugikeskuses keskmiselt narkomaani
982,riigikohus,riigikohtus,kohtuvaidlus käib juba riigikohtus
986,piiskopilinnus,piiskopilinnuses,Telemees astub täna õhtul õhtujuhina üles piiskopilinnuses
997,tutvumisringsõit,tutvumisringsõidul,hiljuti tutvumisringsõidul käinud
1004,päevasisene,päevasiseselt,hind liikus päevasiseselt krooni vahel
1005,häda,hädas,Mina käisin hädas siin kõrval polikliinikus
1008,tuumajaam,tuumajaamas,kes päevadel tuumajaamas käis
1037,kompromiss,kompromissist,Jutt käib kompromissist tagada
1044,Petserimaa,Petserimaale,Suvel liiguvad vennad Petserimaale Lätti
1045,kolhoosipidu,kolhoosipidudel,Käisin kolhoosipidudel esinemas
1048,laast,laastus,laastus käib asi nii
1051,kaheksa,kaheksal,kodulahingus kaheksal puhul puhul lööduna tandrilt lahkunud
1057,soon,soontest,Veri ei käi pingutuse korral korral soontest läbi
1078,geim,geimis,geimis käis mäng seisuni 7
1083,võrkpallitrenn,võrkpallitrennis,Kolmandast klassini võrkpallitrennis käinud
1084,sõnasõna,sõnasõnalt,Eesti kohta kohta väide sõnasõnalt ei käivat
1088,elamisluba,elamisloast,Ei-ei jutt käib elamisloast
1089,FC,FC,jaks käis 8 üle üle FC
1099,laegas,laekasse,liitrist käivad kaanega laekasse saadab
1119,Araabia,Araabias,sõnul käis Tiiu aastal korra Saudi Araabias
1121,talvepuhkus,talvepuhkusel,inimesed käisid Ühendemiraatides talvepuhkusel
1133,kinnipidamisasutus,kinnipidamisasutustest,andmeil käib Venemaal kinnipidamisasutustest läbi inimest aasta
1136,lähitulevik,Lähitulevikus,Lähitulevikus astub ta üles telesaates
1171,okupatsioonitsoon,okupatsioonitsoonist,väed korras okupatsioonitsoonist lahkuvad
1202,Jerez,Jerezis,piloot käis esmaspäeval ainsana Jerezis rajal vormelmasinaga
1207,piimatööstus,piimatööstuses,uurimiseks oli konkurentsiamet eilseks käinud piimatööstuses
1211,liidritroon,liidritroonil,istub üksilduses liidritroonil
1215,tikutoos,tikutoosist,nendel liikusid tikutoosist autod
1246,summa,summadest,jutt käib summadest
1257,õllesaal,õllesaali,soomlane astub õllesaali
1264,Stuttgart,Stuttgarti,Kümnevõistleja astus areenile aastal Stuttgarti MM-võistlustel
1266,toidumüügiturg,toidumüügiturule,Kalda astub toidumüügiturule viimase peal peal tehnika
1269,siirdumine,siirdumisest,nädala eest eest liikus saartel spekulatsioon siirdumisest liigasse
1293,klubiüritus,klubiüritusel,klubiüritusel astuvad peaesinejatena reggae-DJd
1314,piiriala,piirialadel,Liikusid ju aastate algul algul piirialadel rahad
1319,parlamendisaal,parlamendisaalis,kes parlamendisaalis meie taga taga istusid
1329,kalakast,kalakastidel,Kalamehed istuvad salguti kalakastidel
1333,ühendriik,Ühendriikides,Mercer on korduvalt käinud Ühendriikides naljasaadetele kogumas
1339,kinnisvaramess,kinnisvaramessil,korda kinnisvaramessil näitamas käinud
1345,parlamendivalimine,parlamendivalimistel,parlamendivalimistel käis Valgevene teatel hääletamas üle üle protsendi
1366,hind,hinnale,teki siis liigub hind Tallinnas tõenäoliselt homme hinnale lähemale
1374,nurgavoodi,nurgavoodis,Jääkaru istub veel nurgavoodis
1375,lakkhunt,lakkhundil,lakkhundil käisid aga kured külas
1378,Christopher,Christopheril,Christopheril käivad tihti külas last
1392,õhutus,õhutusel,poolakas astus kergejõustikurajale tippteivashüppajast õhutusel
1401,köss,kössis,Piiririkkuja istub kössis ootaks
1402,hinnatase,hinnatasemele,hind liigub hinnatasemele lähemale
1409,magu,maost,toit ei liigu maost edasi
1423,autor,autoritele,See olekski tegelikult autoritele üle üle jõu käinud
1445,Volvo,Volvosse,Trummar istus Volvosse lennukist ootama
1459,narkopolitsei,narkopolitseist,komissar lahkub narkopolitseist töötajat
1466,naabrimees,naabrimehelt,Ma käisin kõigepealt naabrimehelt küsimas
1478,spordikool,spordikoolist,Susi lahkus koos koos õpilastega spordikoolist aastal
1483,idablokk,Idablokis,Idablokis käib aga käsi halvasti
1490,kordon,kordonisse,jooksime kordonisse abi järele
1504,vabameelsus,vabameelsusest,nad käivad vabameelsusest
1549,juhikabiin,juhikabiinis,veoki juhikabiinis istunud
1557,koolipäev,koolipäevadel,koolipäevadel lasteaias käinud
1568,europeri,europeris,loo astuvad europeris
1575,kantsleriamet,kantsleriametist,kantsleriametist lahkunud
1582,päkapikukool,päkapikukoolis,mehikesed käivad usinalt päkapikukoolis
1594,repressioon,repressioonidest,Jutt ei käi mõistagi repressioonidest
1598,Tennessee,Tennesseest,Al on praegu perega Tennesseest lahkunud
1631,valimiskabiin,valimiskabiinis,Esimesena käis valimiskabiinis Chelsea
1636,metropol,Metropolis,sõnul liikusid Metropolis vabalt narkootikumid
1638,meelelahutustööstus,meelelahutustööstuses,meelelahutustööstuses liiguvad summad
1649,Obersalzbergi,Obersalzbergis,praegu käib Obersalzbergis aastas turisti
1652,kokaiinikogu,kokaiinikogust,nad olid lennujaamas kokaiinikogust võtmas käinud
1669,imik,imikutest,väitel käib Jõulumäel rahvast alates alates kõhul imikutest kuni kuni pensionärideni välja
1670,kommunistlikkus,Kommunistlikkusse,Astus Kommunistlikkusse Parteisse aastal valitses
1672,Lillehammer,Lillehammerist,Lillehammerist hõbeda lahkunud
1695,linnatöö,linnatöölt,vanem lahkub linnatöölt soovil
1718,eraettevõtlus,eraettevõtlusse,Aastatel liikus eraettevõtlusse arv inimesi
1736,dieet,dieedil,alguses istusid väljakuperemehed dieedil
1742,kops,kopsudest,saaste käib kopsudest samamoodi läbi omadestki
1750,Minsk,Minskis,Eile peaministrina välisvisiidil Minskis käinud
1766,tähtsus,tähtsuselt,eesistumisel käib praegu tähtsuselt kohtuprotsess
1803,seisus,seisusest,oleks astuksin ma seisusest otsekohe välja
1813,peatükk,peatükis,peatükis otsimine käib
1821,kooliõpetaja,kooliõpetajale,tõttas kooliõpetajale appi
1826,võistlusauto,võistlusautos,kes võistlusautos istuvad
1839,Texas,Texases,Ma käin Texases kuu tagant tagant
1845,televusser,televusseris,ei istu Arnold õhtul televusseris
1846,alkoholijoove,alkoholijoobes,kella ajal kõndis Tartumaal vallas tee kilomeetril alkoholijoobes Aire ilma ilma helkurita ajal kohas
1863,lävepakk,lävepakul,Tanel istus lävepakul
1864,kriminaalhooldusosakond,kriminaalhooldusosakondades,Lisaks käib hetkel kriminaalhooldusosakondades koolitusel kriminaalhooldusabilist
1867,Aserbaidžaan,Aserbaidžaanist,Õhtul lahkub paavst Aserbaidžaanist
1869,Schmeiche,Schmeichel,Schmeichel jooksis platsi
1881,koor,kooris,käib kooris
1890,könnitee,könniteedel,rahvas liigub könniteedel
1902,Amsterdam,Amsterdamis,Esmaspäevani istus ta Amsterdamis trellide taga taga
1903,keskväljak,keskväljakule,mis jooksid kokku keskväljakule
1904,jäätmed,jäätmetele,Prügimäel jooksid prükkarid jäätmetele tormi
1908,maastikuratas,maastikurattale,Istusin üle üle aja maastikurattale
1918,raudtee-ettevõte,raudtee-ettevõttest,kes lahkus raudtee-ettevõttest lõpus
1919,konservatiiv,konservatiivist,kes mail astub konservatiivist presidendi vastu vastu voorus
1928,sonn,sonni,luidetelt liigub liiv hoovuste mõjul mõjul veel muulide vahele vahele laevakanalisse sonni
1929,vahialune,vahialustelt,ta käis korduvalt tellimusel vahialustelt peksmas
1934,riidekauplus,riidekauplusesse,Neiu astub Pariisis riidekauplusesse
1939,keskraamatukogu,keskraamatukogus,keskraamatukogus käib teenindamine
1970,rohumaa,rohumaadele,isend lahkus rohumaadele a Poolas
1982,Toyota,Toyotasse,Vahepeal istus mees Toyotasse
1990,vaheajapunkt,vaheajapunktist,Veerpalu vaheajapunktist läbi käis
2010,energiaväli,energiaväljas,Kaarin liigub energiaväljas
2018,papademo,Papademos,Papademos astub kuul prantslase asemele asemele
2033,Andrei,Andreil,Andreil jookseb praegu katseaeg
2043,notaribüroo,notaribüroos,Vale-Tiesenhausen käis enne enne notaribüroos saadeti
2048,karusell,karusellil,istuksid karusellil
2065,lobby-baar,lobby-baaris,kinnitusel istusid teisipäeval kella ajal ajal lobby-baaris lauas ekslinnapead
2066,Kandahari,Kandaharis,ta septembris Kandaharis käis
2076,konjakireis,konjakireisil,klubi käib korra Prantsusmaal konjakireisil
2089,mängupõrgu,mängupõrgutest,Ma isegi ei käi mängupõrgutest mööda
2090,neitsitorn,Neitsitornis,kes Neitsitornis käinud
2091,valimispunkt,valimispunktis,õhtul oli valimispunktis hääletamas käinud inimest
2119,välikemmerg,välikemmergus,käivad välikemmergus
2120,žürii,žüriis,Istun konkursi žüriis
2123,aastaaeg,aastaajal,hakanud käib siin rahvast aastaajal
2126,90km,90km,autod liiguvad 90km kiirusega
2145,piimaauto,piimaautole,piimaautole appi tõtanud
2169,lõhi,lõhes,kas nad liiguvad lõhes
2174,Tbilisi,Tbilisis,aastal Tbilisis jooksis ta elu maratoni püstitades
2194,tsiviilkaitseruum,tsiviilkaitseruumides,Kontradmiral käis tsiviilkaitseruumides
2197,eesliin,eesliinil,käib töö eesliinil
2199,ehitusmess,ehitusmessil,ehitusmessil käinud
2203,Meremäe,Meremäelt,õppeaastal astus klassi last Meremäelt
2210,Lõuna-Egiptus,Lõuna-Egiptuses,kes käivad Lõuna-Egiptuses vaatamas
2252,dokumentaalsari,dokumentaalsarjas,dokumentaalsarjas liigub kaamera keha kiirusega millimeeter
2260,trummar,trummaril,õhtul käisime Espoos külas trummaril
2263,garantiiremont,garantiiremondis,Laev käis garantiiremondis firma
2294,hommikutund,hommikutundidel,ta hommikutundidel astus lennujaamas koos koos reisijaga lennukile
2301,kaubandus-tööstuskoda,kaubandus-tööstuskojas,President käib Poolas kaubandus-tööstuskojas
2323,riietumisala,riietumisalas,olümpiavõitja istus löödult riietumisalas
2333,vastupidavustreening,vastupidavustreeningul,ühed käisid pidevalt vastupidavustreeningul treeningul
2354,Kyokunankai,Kyokunankaist,võistluspäeval käis jaks üle divisjonis Kyokunankaist
2360,Kuninglik,Kuninglikust,see lahkus Kuninglikust kabelist surnuautos kella paiku paiku aja järgi järgi
2362,korduskohtumine,korduskohtumises,staarründaja korduskohtumises platsile ei jookse
2363,kuuluma,kuulu,üleilmastumine käib kuulu järgi järgi
2409,aedik,aedikus,aedikus jooksid ringi kääbuskitse
2420,hiphop,hiphopist,mis käib kaarega mööda hiphopist
2432,Hämeenlinn,Hämeenlinnas,Hämeenlinnas käis Ave
2435,muusikaringkond,muusikaringkondades,aega muusikaringkondades liikunud
2450,lastekeskus,lastekeskustes,osa käib lastekeskustes
2452,keskkonnakaitse,keskkonnakaitses,keskkonnakaitses liiguvad rahad
2454,pisarsilm,Pisarsilmis,Pisarsilmis lahkusid linnavalitsuse juurest juurest pärast pärast otsuse tegemist
2456,juubeliaasta,juubeliaastal,juubeliaastal liiguvad asjad kiiremini edasi
2465,Colorado,Colorados,heitlus käib veel Colorados
2485,arendustegevus,arendustegevusest,Eelkõige käib jutt arendustegevusest tuleb
2486,soovija,soovijatest,soovijatest astus üks erialale aastal võeti
2491,inhalatsioon,inhalatsioonis,viimati käisime lapsega inhalatsioonis
2493,lõunasadam,Lõunasadamast,Lõunasadamast lahkub Kaliningradi suunas suunas transpordilaev
2503,naba,nabast,astusin nabast saadik saadik auku
2506,jooku,jookul,sõnul käis näituselt jookul läbi inimesi
2524,kaitseala,kaitsealadel,palju kaitsealadel rahvast tegelikult ringi käib
2534,rannapiirkond,rannapiirkonnas,kas rannapiirkonnas ei liigu röövkala
2543,elukas,elukatele,seetõttu käib Toomaski elukatele mõnikord ostmas
2549,partii,partiil,Erandkorras käis veebruaris partiil järel Emelai isiklikult
2563,jook-sina,jook-sul,Hoo-li-ma-ta Hoo-li-ma-ta puu-du-mi-sest lah-kus taasühi-ne-mi-sel jook-sul küll prot-sen-ti ela-ni-kest
2600,hinnakujundus,hinnakujunduses,hinnakujunduses käib arvestus võrguühenduse järgi järgi
2606,steriliseerimistehas,steriliseerimistehases,Minister käis täna vallas steriliseerimistehases
2626,Ellie,Ellie'le,Ellie'le appi tõtanud
2628,tringel-trange,tringel-trangel,vorstivabrikus on aastat tringel-trangel käinud
2631,Kazimirez,Kazimirezis,ta pole käinud Kazimirezis
2638,elu-aasta,elu-aastast,Muidugi olen alates alates elu-aastast tööl käinud
2660,organiseerimine,organiseerimisest,Jutt käib seal organiseerimisest
2662,rakendumine,rakendumisel,rakendumisel astub jõusse võlaõigusseadus
2663,tantsuklass,tantsuklassis,Ta kabineti kõrval kõrval tantsuklassis käivad proovid
2682,igapäevatöö,igapäevatöös,ajaloolane igapäevatöös vähem liigub
2684,välkvisiit,välkvisiidil,esimees käis eile välkvisiidil Tallinnas kohtudes
2695,EGeen,EGeenist,Nad ei lahkunud EGeenist
2705,saatesari,saatesarjas,päeval astus samuti ekraanil saatesarjas ametisse varivalitsus juhtimisel
2745,286000,286 000-st,Valimas käis inimest 286 000-st
2773,imidž,imidžisse,imidžisse on ikka käinud suitsuving
2791,küje,küjest,küjest jookseb nöör lakke üle üle rulliku lava kohale kohale
2794,pudel,pudelis,džinnist neli istub pudelis kinni
2797,pidustus,pidustustel,pidustustel tutvustamas käinud
2808,võitjaauto,võitjaautos,Aleksander kõrval kõrval istub võitjaautos isa
2814,tervishoiuministeerium,tervishoiuministeeriumis,Korra käisin tervishoiuministeeriumis kongressile sõiduks küsimas
2815,ülejõgi,ülejõelt,jalakäijad kõndisid ülejõelt kesklinna poole poole kahetsedes
2829,kontoriruum,kontoriruumis,Istume töökoja kõrval kõrval kontoriruumis
2837,vabadusvõitlus,vabadusvõitlusele,Praegu käivad välisdelegatsioonid vabadusvõitlusele avaldamas
2847,jõululaat,jõululaadal,jõululaadal käis uudistajaid vähem
2849,ehitis,ehitistel,tribüünide moodi moodi ehitistel käib tegevus
2850,vanusegrupp,vanusegrupis,Arvestus käis vanusegrupis
2861,bensiiniturg,bensiiniturul,bensiiniturul käib hankimise nimel nimel võitlus
2894,portree,portreest,portreest jutt käib
2896,testimispäev,testimispäeval,Kenteris lahkusid testimispäeval augustil olümpiakülast
2897,võimukandja,võimukandjatest,viimasena käis võimukandjatest tunnelites abilinnapea
2927,Bachi-festival,Bachi-festivalidel,ta käib kooriga Bachi-festivalidel Saksamaal
2944,suvelaager,suvelaagris,suvelaagris käinud
2959,Rhodose,Rhodosel,aastal käisin Rhodosel
2971,volinik,volinikele,plaane käis neljapäeval enne enne hääletamist volinikele selgitamas esimees
3083,riigikaitse,riigikaitses,riigikaitses käib praegu diskussioon
3090,kuurordlinn,kuurordlinnas,käis kuurordlinnas laadimas
3113,valitsemisaeg,valitsemisajal,ükskõik see siis valitsemisajal käis
3120,piirdeaed,piirdeaiale,talitaja istus piirdeaiale puhkama
3122,töötama,tööta,kes istuks päevad läbi läbi tööta
3157,peidik,peidikus,käis peidikus
3159,infrapunasaun,infrapunasaunas,käis infrapunasaunas
3173,sisutelk,sisutelgis,sisutelgis käis juhatusel arutelu
3185,süžee,süžees,Seal astub süžees teema
3192,merering,mereringides,said mereringides käivad lapsed aastat rannavetes merepraktikat
3205,pommituslennuk,pommituslennukist,Jutt käib muidugi pommituslennukist
3232,Likudi,Likudist,Nad lahkusid Likudist novembris
3234,Chrysleri,Chrysleris,sündmuskohal Chrysleris istunud
3260,toomkool,Toomkoolis,Jõulude ajal ajal käis mängukool Toomkoolis päkapikumaal
3271,üksikrajatis,üksikrajatistest,toetuste puhul puhul ei käi jutt üksikrajatistest
3299,soomusauto,soomusautodes,korda soomusautodes istuvad
3314,Smolnõi,Smolnõis,ajal käisid delegatsioonid Leniniga Smolnõis kohtumas
3327,põlvelõikus,põlvelõikusel,valu tõttu tõttu põlvelõikusel käinud
3329,ühiskonverents,ühiskonverentsidel,kes käib ühiskonverentsidel
3382,kaasik,Kaasikutel,Ma käisin eile Kaasikutel külas
3425,väliskoolitusreis,väliskoolitusreisidel,ametnikud käisid tänavu poolaastal väliskoolitusreisidel krooni eest eest
3435,Abezi,Abezis,Vangis istus Indres Siberis Abezis
3443,sisekaitseakadeemia,sisekaitseakadeemias,korda käime sisekaitseakadeemias vehklemas lisaks korda
3444,pidurdumine,pidurdumisest,jutt käib siiski pidurdumisest
3451,modelliagentuur,modelliagentuurides,ajal marsivad käib modelliagentuurides tegevus
3476,avarivistus,avarivistuses,avarivistuses jooksid väljakule
3487,u,u,üritustel on käinud u inimest
3488,tsiviilamet,tsiviilametitesse,paljud lahkuvad tsiviilametitesse
3491,läänetiib,läänetiivas,boss istus läänetiivas toas
3498,tsiviilõigsus,tsiviilõigsuses,tsiviilõigsuses asjade kohta kohta käivad
3520,Trondheim,Trondheimist,lahkus viivitamatult Trondheimist
3553,Libeeria,Libeerias,Libeerias astus
3591,valitsusala,valitsusalasse,valitsusalasse käivad majandusasjad
3602,miljard,miljardist,juhul miljardist astub osake tõepoolest ühendusse
3607,kohvikusaal,kohvikusaalis,kohvikusaalis istuvad laudkonnad
3613,ühendamine,ühendamisest,muutmisega käib juba aastat mõttevahetus ühendamisest
3616,malm,malmist,sõnul käib nädalal ikka pakkujat lootusrikkalt malmist luukidega kohal
3635,lavakunstikateeder,lavakunstikateedrisse,ta lavakunstikateedrisse astus
3659,puitpink,puitpingil,omanik istub ümbritsetuna puitpingil
3662,pargiala,pargialal,tellimusel käivad korrastustööd tagusel pargialal
3664,oksjonimaastik,oksjonimaastikul,Hiljem on tööd liikunud oksjonimaastikul
3676,sünnipaik,sünnipaigas,Ta käis aprillis sünnipaigas Siberis Zlatoustis õe juures juures
3677,Zlatoust,Zlatoustis,Ta käis aprillis sünnipaigas Siberis Zlatoustis õe juures juures
3678,noormets,Noormetsale,söödu järel järel palli hüppelt üle üle pea korvi alla alla jooksnud Noormetsale suunas
3681,müügivõrk,müügivõrkudes,müügivõrkudes liigub DVD-d
3686,kahepaat,kahepaati,Jaanson istuvad regatiks kahepaati
3697,Bosnia-Hertsegoviin,Bosnia-Hertsegoviinas,rahuvalvajad käisid esinemas Bosnia-Hertsegoviinas saates
3702,SSL,SSL,SSL on lahkunud tippjuhti
3716,veerandtund,veerandtunnis,pikutad käib kord veerandtunnis sinust mööda lapsuke
3724,krai,krais,krais käib sõda
3748,täitevamet,täitevametile,ehitamine käib täitevametile üle üle jõu
3750,mõtlemissüsteem,mõtlemissüsteemi,mõtlemissüsteemi liikunud
3753,kirdeosa,kirdeosas,samas kirdeosas käivad mässuliste lahingud sõjaväebaasi pärast pärast
3762,selgitamine,selgitamisel,mis lahkus sündmuskohalt selgitamisel
3768,olümpiabaas,olümpiabaasis,olümpiabaasis käib päev enne enne algust töö
3772,Dogville,Dogville'ist,Dogville'ist lahkunud
3773,maatükk,maatükil,elu käib tõesti maatükil
3791,teatejooksunelik,teatejooksunelikus,olümpial teatejooksunelikus avavahetust jooksnud
3800,maleareen,maleareenile,Keres astus maleareenile aastal
3857,suusamatk,suusamatkal,aastal käisin Hibiinides suusamatkal
3875,ESS,ESS-ist,nüüdseks ESS-ist lahkunud
3876,MM-finaalturniir,MM-finaalturniiril,kes istus MM-finaalturniiril veel rootslase kõrval kõrval toolil
3900,piiripea,piiripeal,Kaitseliin kõndis tekitamisega küll piiripeal
3926,Caenorhabditi,Caenorhabditis,See käib ümarussi Caenorhabditis elegans'i kohta kohta
3940,müügitulu,müügitulust,detailide kõrval kõrval käib põhivaidlus mõistagi müügitulust protsentide üle üle
3947,kommertsgümnaasium,Kommertsgümnaasiumi,Peale Peale lõpetamist astus ta Kommertsgümnaasiumi
3977,taudikolle,taudikoldes,kes juba korra taudikoldes käinud
3993,fantoomreisija,fantoomreisijatele,kes käib kolmapäeviti metroos fantoomreisijatele ulgumas
4002,kee,Keele-,Keele- on käinud teenistujad
4007,autotehas,autotehasesse,ajal tõttas hommikul autotehasesse tööle inimese
4018,piletimüüja,piletimüüjast,ajal jookseb üks piletimüüjast kassa juurest juurest kaubamajja
4079,Holmesi,Holmesil,lihtsalt käis Holmesil sissemurdmine leida
4131,inkasso,Inkassost,Julianuse Inkassost lahkunud
4138,sihtturg,sihtturgudel,Praegu käib uuringuetapp sihtturgudel
4188,kuningapalee,kuningapaleest,kes olevat väiteil lahkunud kuningapaleest minutid enne enne tulistamist
4191,ragbiliit,ragbiliidust,ragbimängija lahkuvad ragbiliidust julge
4205,lõõsk,lõõsas,ma jooksin lõõsas maanteelt puiesteele notarile andma
4208,liivasiil,liivasiili,kes endale liivasiili jalga astus
4220,äriühing,äriühingutes,Jutt käis äriühingutes täpsustamisest
4227,üksikmäng,üksikmängus,poolfinaalis astub rivistuses üksikmängus Austraalia vastu vastu lisaks
4235,kuur,Kuurist,Kuurist välja jooksnud
4237,eraisik,Eraisikutele,Eraisikutele käib kinkimine ilmselt üle üle jõu
4270,Gambrinus,Gambrinuses,ärimehi käib Gambrinuses vähe
4272,hüsteeria,hüsteeriale,Ehk liigub lõuna hüsteeriale ise vastu
4276,eikellegimaa,eikellegimaale,Palgamõrvar astub eikellegimaale kommertsfilmi
4295,Bordeaux,Bordeaux's,Bordeaux's olete ise käinud
4315,hambaarstitool,hambaarstitoolis,Kell hommikul istus Raudne hambaarstitoolis kannatlikult puhastamist
4333,rallitam,rallitamas,eile käisin küla vahel vahel rallitamas
4362,karikamäng,karikamängult,mõlemad lahkusid viimati karikamängult kaotajana
4388,võhm,Võhmast,kirikus käib inimest Võhmast
4400,keerdtrepp,keerdtrepist,rahvasaadikud kõnnivad keerdtrepist
4420,füüsikatund,füüsikatunnis,istuks füüsikatunnis
4433,istumine,istumiselt,istumiselt liikus onu hiljem omapäi baariretkedele
4442,langevarjuklubi,Langevarjuklubis,Langevarjuklubis käib hüppetegevus nädalavahetusel
4471,Palusalun,Palusaluni,läbi läbi pea jooksevad vastuargumentidena tegelased Pätsust Palusaluni
4483,44,44S,Markko käis aastal rallimasinat 44S testimas
4488,heli,Helist,istusin Helist meetri kaugusel kaugusel
4541,Räpina,Räpinas,nädalal käisime Räpinas
4543,seitsmes,seitsmendast,seitsmendast alates alates käiksid lapsed linnakoolis
4621,soomätas,soomättal,Vahva istus soomättal
4637,ülevaatuspunkt,ülevaatuspunktis,Beilmann käis sõiduautoga nädalal tehnoülevaatusel OÜ ülevaatuspunktis tuvastati
4677,kütuseterminaal,kütuseterminaalis,Inspektsioon käis kütuseterminaalis mõõtmas
4680,ETK,ETK-le,ETK-le astub aga rohkem kandadele Säästumarket
4749,Alpid,Alpides,Alpides käib sagimine vaatamata vaatamata sellele
4767,roller,rolleritel,Katrin liigub rolleritel kehvemalt
4768,rekordaasta,Rekordaastal,Rekordaastal käis näitusel inimest
4787,polder,poldrilt,Luiged on poldrilt lahkunud
4823,kesklinnakool,kesklinnakoolis,Varem käisid tüdrukud kesklinnakoolis
4838,MTG,MTG-st,aastal lahkus Nuutmann MTG-st
4848,Hiihtoseura,Hiihtoseurasse,astus Puijon Hiihtoseurasse
4865,olümpiapronks,olümpiapronksist,kes käis kolma-päeval olümpiapronksist vaatamas
4896,riigipea,riigipeadest,riigipeadest käis viimati Moskvas ekspresident aastal vahetanud
4921,k,k,Hispaaniast astuvad üles k ööklubis
4938,valgushooldus,Valgushooldusel,aastal käis Valgushooldusel päeva jooksul jooksul külastajat
4954,pärislahing,pärislahingule,mis kõik liiguvad pärislahingule kiirusega
4975,advokaadiamet,advokaadiametist,raamatu järel järel lahkus mees advokaadiametist
4978,abiraha,abirahast,mille kaudu kaudu liigub abirahast Portugali
4987,tagakülg,tagaküljele,hologramm liigub kaardi esiküljelt tagaküljele
5027,prügiturg,prügiturul,Ajal käib prügiturul ragin
5052,tüli,tülisse,linn astub juhul tülisse
5083,turbiin,turbiinist,mis sõidu jooksul jooksul turbiinist läbi käib
5097,tagamine,tagamisele,Tänavatel liigub politsei koos koos tagamisele sotsiaaltöötajaga
5102,Libatse,Libatses,Libatses käisin võistlemas
5135,asunik,asunikest,andmetel oli üle üle poole asunikest registreeritust teisipäeva kesk-ööks lahkunud
5140,maalimiskool,maalimiskoolis,ärimehed käivad maalimiskoolis
5148,vennaskond,vennaskonda,sõnul käis vennaskonda avanädalavahetusel vaatamas inimest
5150,suhkrusõda,suhkrusõtta,Oviir astub suhkrusõtta
5156,UEFA,UEFA-s,Mart on käinud UEFA-s kaebamas
5180,military,military's,kes military's käivad
5188,Krakow,Krakowis,Ta astus aastal Krakowis ülikooli
5194,Euroliit,Euroliitu,aastal Euroliitu astunud
5263,tipumees,tipumeestest,trekkerid lahkuvad tipumeestest
5285,jõupositsioon,jõupositsioonilt,kehtestamisega astub tarbijale jõupositsioonilt pähe
5306,maikrahv,Maikrahvi,peremees käis Maikrahvi ähvardamas
5320,Hvostov,Hvostovil,Hvostovil jutt jookseb
5333,ümberjaotamine,ümberjaotamises,ümberjaotamises liigume kiiresti Euroopasse tekib
5342,pangabuss,pangabussist,Foina astub pangabussist välja
5352,peatuspaik,peatuspaikades,suvel käis peatuspaikades inimest
5367,eelisjärjekord,eelisjärjekorras,rahasummad liiguvad ikkagi eelisjärjekorras Moskva kandis kandis
5372,külalisesinemine,külalisesinemistel,käis külalisesinemistel
5391,taskuraha,taskurahale,lapsed aga käivad ajast taskurahale teenimas
5395,kolgas,kolkas,käis siin kolkas vahetamas helistada
5400,suletus,suletusest,elustiil liigub suletusest avatuse poole poole
5425,raadioruum,raadioruumidest,lahkus raadioruumidest kohe sai
5436,sügisperiood,sügisperioodil,sügisperioodil liikus saarte vahel vahel märgatavalt reisijaid
5441,jõukur,jõukuritelt,jõukuritelt eurod liiguvad korrusele otsustavad
5443,lehetöö,lehetööst,astun lihtsalt lehetööst kõrvale
5464,pagasiruum,pagasiruumi,lasta liigub istmepadi taha taha pagasiruumi muutes
5468,UAZ,UAZ-i,Teadaolevalt liiguvad nad autoga UAZ-i
5487,korrespondentkonto,korrespondentkontol,raha istus korrespondentkontol pangas
5494,PPR,PPR-i,kõlakad liiguvad PPR-i kohta kohta lükanud
5504,kodutee,koduteele,Kolmapäeval lahkus Eestist koduteele grupp
5592,intensiivkeelekursus,intensiivkeelekursustel,Käisin Londonis intensiivkeelekursustel
5595,ökosahver,Ökosahvril,Sellest hoolimata hoolimata käib Ökosahvril Mööblimaja kõrval kõrval ehitus
5609,messiboks,messiboksides,messiboksides käis sarnaselt suhtlemine
5622,sportlaskarjäär,sportlaskarjääris,odaviskelootus astus sportlaskarjääris jälle sammu kõrgemale
5636,maia,maiasse,maiasse ta pale ta istub seisab
5652,naistepool,naistepoolel,Mamma istub naistepoolel käed
5670,püünisraud,püünisrauda,jõngalt astunuks ta püünisrauda
5692,jõulukirik,jõulukirikus,jõulukirikus pere ei käi
5693,müügiprotsess,müügiprotsessis,müügiprotsessis parasjagu käib
5706,kohtuekspertiis,kohtuekspertiisis,naine käis kohtuekspertiisis
5708,kolledz,kolledzis,aastat käis Triin kolledzis
5715,lavastajapult,lavastajapuldis,kes istus tänavu lavastajapuldis
5721,bussiekskursioon,bussiekskursioonil,käisime bussiekskursioonil Prahas
5758,otsa-koolma,Otsa-koolis,aastat käib ta Otsa-koolis
5784,Bratislava,Bratislavast,Siiski lahkub ta pealinnast Bratislavast korral lennata
5801,snaiprikursus,snaiprikursustel,Ma polnud kunagi snaiprikursustel käinud
5835,tänavarestoran,tänavarestoranis,Istusime tänavarestoranis väljakul
5842,raamatuesitlus,raamatuesitlusel,külastas käis ka raamatuesitlusel Akadeemilises
5848,telkriie,telkriidest,Mõnikord istusid hooldajad tee ääres ääres telkriidest varju all all
5872,peegelsile,peegelsiledal,nende jõul jõul liigub sõiduk peegelsiledal veel
5907,heliredel,heliredelil,ansambel on tegutsemisaasta jooksul jooksul liikunud heliredelil rokini
6040,informatsiooniühiskond,informatsiooniühiskonda,alguses astub raamatukogu informatsiooniühiskonda
6063,ebareaalne,ebareaalsesse,imemuinasjutt liigub ebareaalsesse maailma pole
6064,vanahärra,vanahärrale,astus vanahärrale juurde
6081,seletamine,Seletamisest,Seletamisest Ülane istus
6089,päikesevari,päikesevarjus,omanikud istusid puude all all päikesevarjus
6091,laagripraktika,laagripraktikatel,Õpetaja käis meiega laagripraktikatel suunas
6095,vein,veinist,pea juba veinist ringi käis
6115,tunne,tundest,lahkus saadetuna tundest
6118,pintsak,pintsakus,hülgekütina liikus endiselt ringi pintsakus
6123,konstruktsioon,konstruktsioonile,mille vahelt vahelt siidiriba tänu tänu konstruktsioonile sahinal läbi jookseb
6138,kriitik,kriitikutele,kriitikutele astus aga otsustavalt vastu libretist
6139,kunstiõppeasutus,kunstiõppeasutuses,Töövisiidil käisime kõrgemas kunstiõppeasutuses
6159,anum,anumast,käis anumast rätikuga üle
6215,talvepalee,Talvepalees,Talvepalees käisid naised sajandil trepi all all kükitamas
6230,Tallinna-suurus,Tallinna-suuruses,Tallinna-suuruses Mais astub elevant majesteetlikult üle üle liiklusega tänava peremees
6242,tantsuklubi,tantsuklubis,Käisin seal aja tantsuklubis
6245,kaubanduskeel,kaubanduskeeltes,suhtlemine käis kaubanduskeeltes
6253,valgusekiirus,valgusekiirusel,mis liigub valgusekiirusel
6277,reisu,reisul,Minagi käisin äsja reisul Tallinnas
6280,rääkimine,rääkimisel,rääkimisel kenasti liigub
6292,Pegasus,Pegasuses,õhtul istusin Pegasuses
6293,sisselülitamiskonks,sisselülitamiskonksus,Jaan istus isa kohal kohal laua taga taga sisselülitamiskonksus
6309,kambüüs,kambüüsis,Käisime pidevalt kambüüsis
6349,stift,stiftist,lahkus stiftist palgasõduritega
6360,koolkond,koolkonnale,O. Loorits astub moel vastu koolkonnale
6366,oranzh,oranzhis,põrandal toidukausside ümber ümber istub oranzhis rüüs munka
6432,Heino,Heinol,esindaja käis Heinol kodus vaatamas
6446,jõekäär,jõekäärus,Istusime sõpradega jõekäärus
6452,telefonivõrk,Telefonivõrgule,Telefonivõrgule ei istu osutab
6488,haridusmess,haridusmessidel,ülikoolid käivad tihti haridusmessidel
6492,9-palli-süsteem,9-palli-süsteemis,Hindamine käis 9-palli-süsteemis
6513,tänavaülikond,tänavaülikonnas,Kord jooksis ta tänavaülikonnas sekundiga ümber ümber ookeanilaeva üladeki
6540,direktoritool,direktoritoolil,aastat direktoritoolil istunud
6542,kahevõistlus,kahevõistlusest,astun kahevõistlusest kõrvale meeldib
6554,dj-pult,dj-pulti,Pärast Pärast seanssi astub dj-pulti Kiwa
6588,Guatemaala,Guatemaalas,Näiteks käis ta 90ndate algul algul Guatemaalas heategevusmalevas
6593,kööktuba,kööktoas,Niina käinud kööktoas joomas
6596,lapseking,lapsekingades,Ta käis lapsekingades koos koos kinoga
6620,Benettoni,Benettonist,Toscani lahkus Benettonist
6643,vesper,vesperile,tõttas vesperile tutvuda
6646,ürp,ürbis,Istub seal nurgas ürbis
6677,Tahtamaa,Tahtamaal,me seal Tahtamaal käisime mõõtmas
6688,vastassein,vastasseinadel,Nad istusid vastasseinadel
6697,vä,vä,paaritusmäng käib vä
6704,toapõrand,toapõrandal,istume ringis toapõrandal
6717,ulka,ulkas,seadsam igaüks käiks ulkas veel inimese ette ette
6726,turuhall,turuhallis,Olin pärast pärast ujulat turuhallis käinud
6735,vundamendiserv,vundamendiservale,istus siis vundamendiservale
6762,rummikast,rummikastil,Potapov istus leemendades vahekäigus rummikastil õngitsenud
6763,lamamistool,lamamistoolis,Ta istus lamamistoolis
6767,poolristi,poolristis,ta istus jalad poolristis
6771,valdusala,valdusalast,ta siis korda sealt valdusalast lahkus
6774,sammassaal,sammassaalis,me istusime sammassaalis
6780,kojusõidurong,kojusõidurongis,Istusime kojusõidurongis öö üleval teineteise vastas vastas
6788,ostuks,ostuksil,Käisin täna ostuksil
6810,palm,palmi,Tehvan istusid palmi suitsetama suitsetas
6822,hiiemägi,hiiemäel,tegelnud oli Aolill käinud hiiemäel
6828,Burgundia,Burgundiasse,tõttasite tagasi Burgundiasse
6845,stammlokaal,stammlokaalis,Kroll istub köögis stammlokaalis
6849,Illegaart,Illegaardis,istus Illegaardis
6858,väikeinve,väikeinves,mis käib väikeinves toritele üle üle jõu
6865,ra,ra,Tallinnas on Tõnisson käinud kor ra
6882,kilo,kilodest,Jutt ei käi muidugi kilodest
6897,toide,toites,kes linde toites jääl laevateeni kõnnivad
6948,koloniaalstiil,koloniaalstiilis,inimesi istub koloniaalstiilis eramutes
6971,saatjaskond,saatjaskonnas,saatjaskonnas ma liigun
7003,köögiosa,köögiosas,köögiosas käib remont
7007,vili,vilja-,Sead käivad toitumas vilja-
7027,peabaas,peabaasist,Juhe jooksis peabaasist Severodvinskist peakorterisse Murmanskisse
7028,kõrgkultuur,kõrgkultuuris,kõrgkultuuris liikus aja kestel kestel ideid
7058,taevaskoda,Taevaskojas,käisid Taevaskojas
7106,arhitektuurielu,arhitektuuriellu,aastatel arhitektuuriellu astus põlvkond
7120,kunstikriitika,kunstikriitikast,jutt käib kunstikriitikast
7166,maailmakongress,maailmakongressil,Justiitsministrina käisin Komis maailmakongressil
7175,mudahütt,mudahüttides,sajandi järel järel istusid mehed mudahüttides
7207,porimülgas,porimülkast,too astus porimülkast rambivalgusse
7228,erakapital,Erakapitalile,Erakapitalile käib see lähiaastatel üle üle jõu
7233,IE,IE,IE taha taha istub
7293,küünlavalgus,küünlavalgusesse,sammul astus Kurk küünlavalgusesse
7323,õhtupalvus,õhtupalvusel,Paljud käivad seal õhtupalvusel
7353,taastusravirühm,taastusravirühmas,taastusravirühmas käinud
7370,Tadeuz,Tadeuzi,pääseb astub ta sammul Tadeuzi
7412,kriminaal-protsess,kriminaal-protsessil,ekskomissar istub kriminaal-protsessil kõrvu liiklushuligaaniga
7438,sügisehakk,sügisehakul,käisime sügisehakul koos koos Paul-Eerikuga Nõmmel viimas tõttas
7485,Eevald,Eevaldilt,silmad liikusid Eevaldilt Loreidale
7506,Z3,Z3,asub siis Z3 puhul puhul istuvad sõitjad istmereas
7521,murdvara,murdvaras,päeval oli korteris käinud murdvaras
7536,Užin,Užinil,Užinil käinud
7542,jooneke,joonekeses,pidas istus võllanali ta näo joonekeses
7547,AKM,AKM-idega,Lahingukäsk poisid astuvad AKM-idega ustele
7601,linnulend,linnulennul,Valmistumine käis linnulennul
7639,rahajaht,rahajahil,Pangajuhid käivadki praegu finantskeskustes rahajahil
7663,rahavargus,rahavarguses,Täna istuvad vennad koos koos sõbra taas rahavarguses kahtlustatuna arestikambris pidas
7676,kirjandusreis,kirjandusreisil,Ma pole varem kirjandusreisil käinud
7691,enesetapp,enesetapust,surma kohta kohta on liikunud legende alates alates enesetapust kuni kuni allatulistamiseni
7743,Märtsikuine,Märtsikuises,Märtsikuises voorus astus lavale laululapse
7749,tippkohtumisruum,tippkohtumisruumides,Täna istuvad tippkohtumisruumides läbirääkimislaua taha taha riigijuhid rääkida
7760,lavaserv,lavaserval,mees istub lavaserval
7792,Kurkse,Kurkses,Kohtupinki istuvad Kurkses nooremleitnant ohvitsere
7821,kalandus,kalandusest,kalandusest lahkuvad
7832,külarahvas,külarahvast,külarahvast käib siit palju läbi
7838,spordireis,spordireisil,käis aastal Soomes spordireisil
7881,tellisega-aken,tellisega-aknasse-,käibki see tegelikult kah robustselt tellisega-aknasse- stiilis
7895,Lindprii,Lindpriidest,Lindpriidest on sõjaväes käinud Indrek
7912,toengiste,toengistmesse,Istuge toengistmesse
7943,maitse,maitsele,maitsele istub minimalism
7957,Üheksa,Üheksast,Üheksast istuvad kõik laua taga taga toksides
7963,keelekoosolek,keelekoosolekutel,Ta käib innukalt keelekoosolekutel
7964,kujutamisviis,kujutamisviisist,maal liigub kujutamisviisist stilisatsioonini
7985,dets,dets,väravast astusin välja dets 1963.
8024,sisim,sisimas,käib sisimas kaasas vooludega
8053,vanuserühm,vanuserühmas,Töö käib vanuserühmas
8096,Forekspank,Forekspangas,Forekspangas käivad praegu tööd teostuseks
8099,reaalaine,reaalainetes,ajal käis reaalainetes kontrolltööd
8186,mägimatk,mägimatkal,kes kordki mägimatkal käinud
8193,peauks,peauksest,peauksest liiguvad inimesed tavaliselt
8201,kolmandasse-neljas,kolmandasse-neljandasse,pensionärid on liikunud detsiilist kolmandasse-neljandasse
8223,mail,Maili,Maili aastat käisin lastekunstikoolis
8291,kalevlane,kalevlastest,Vastasmängijad jooksevad kalevlastest kiiremini
8296,valikgrupp,valikgrupis,valikgrupis astus sammu lähemale maailmameister saades
8301,oridori,oridoris,oridoris kõnnib mees
8337,väljasaatmine,väljasaatmisest,Pekingis liiguvad kuuldused väljasaatmisest
8352,klassikatehnika,klassikatehnikas,rootslane liigub peamiselt klassikatehnikas
8359,kirjasõber,kirjasõbral,aastal käisin kirjasõbral külas
8387,vanematetalu,vanematetalus,sageli käite vanematetalus Võrumaal
8397,piibel,piiblist,Seintel jooksevad lindina stseenid piiblist
8410,Krooks,Krooksus,Teinekord olen küll Krooksus istunud nii kaasas
8420,loenguruum,loenguruumist,Mõni lahkub demonstratiivselt loenguruumist
8447,avaturg,avaturul,lõunamaalane kõnnib avaturul edasi-tagasi
8470,laevaahter,laevaahtris,juhid istuvad vaadates poolringis laevaahtris
8493,tegemisevaheaeg,tegemisevaheaegadel,Filmi-mine käis päeva jooksul jooksul tegemisevaheaegadel
8495,surivoodi,surivoodil,Naine istub surivoodil
8499,juhitool,juhitoolile,värskelt juhitoolile istunud
8503,okupant,okupantidel,laimamine käis okupantidel üldse söögi alla alla
8513,varjamiskatse,varjamiskatsetest,jutt käib varjamiskatsetest
8515,eneseabiühing,eneseabiühingus,eneseabiühingus käivad naised õppimas
8518,nurgatuba,nurgatoas,palvel käisin ta nurgatoas silma all all kohtumas temaga
8583,Euroopa-reis,Euroopa-reisil,sügisel käisime koos koos abikaasaga Euroopa-reisil
8588,allveeretk,allveeretkedel,Käisime allveeretkedel paigus
8608,avangard,avangardis,Narkoilm astub esilekutsumisel avangardis
8638,rannasalong,Rannasalongis,Rannasalongis astub üles ansambel
8658,elamuhaldaja,elamuhaldajatele,variandi puhul puhul aga liigub toetusraha elamuhaldajatele
8704,linnujaht,Linnujahil,Linnujahil olen käinud
8759,pereõekursus,pereõekursustel,Jevgenia käib praegu pereõekursustel
8774,kaubaladu,kaubalaos,murdvaras on sees käinud kaubalaos
8834,lõbustusasutus,lõbustusasutusest,Tagasiteel astuvad isa-poega läbi läbi koduküla lõbustusasutusest
8835,zooloogiamuuseum,zooloogiamuuseumis,jalg astub zooloogiamuuseumis puruks skeleti
8856,Kallaveri,Kallaveres,ta ajal Kallaveres komandeeringus käis
8919,valimismaastik,valimismaastikul,mis valimismaastikul veidigi liigub
8951,kalendrikonverents,kalendrikonverentsil,peasekretär käisid kalendrikonverentsil Portorozhis Sloveenias
8952,Portorozh,Portorozhis,peasekretär käisid kalendrikonverentsil Portorozhis Sloveenias
8987,tõkkedistants,tõkkedistantsil,Eile jooksis ta tippmargi tõkkedistantsil
8988,hobusekliinik,hobusekliinikus,hobusekliinikus on ravil käinud ratsa-
8991,mängumuru,mängumurul,mängumurul käis aga käsi haprasti
9010,mesinädal,mesinädalal,käis mesinädalal Taanis saarel
9040,külavahetee,külavaheteele,Astu ikka vahel külavaheteele
9121,laenuleping,laenulepingust,jutt käib laenulepingust
9135,Viiratsi,Viiratsis,ta just käis Viiratsis uurimas
9148,mäekuru,mäekurus,andmetel käivad lahingud juba mäekurus
9181,tühitund,tühitunnil,istusime seal tühitunnil lõuna vahepeal
9197,tänavakorrus,tänavakorrusel,Astugem tänavakorrusel lifti
9219,noorsooteater,Noorsooteatris,koos koos Noorsooteatris grimmilaua taga taga istusime
9231,nõukogudemaa,nõukogudemaalt,Saanud lahkus Nina nõukogudemaalt
9233,eliitrestoran,eliitrestoranis,Praegu käivad eliitrestoranis lammutustööd
9237,maakleribüroo,maakleribüroodes,hasartmängurid istus ta päevi maakleribüroodes arvuti ees ees püüdes
9267,erruminek,erruminekust,Lakkamatult liiguvad kuuldused erruminekust
9291,kunstirahvas,kunstirahvast,Documental käis juuli algul algul bussitäis kunstirahvast
9302,saareküla,Saarekülas,tihti te Saarekülas käite
9329,kalamarjapurk,kalamarjapurki,ooperilaulja kalamarjapurki astus
9336,SPAR,SPARi,SPARi omanike vahel vahel käivad läbirääkimised
9342,pilvitus,pilvitusest,Jutt aga käib pilvitusest
9347,määratlemine,määratlemisel,töö käib määratlemisel
9372,kontrollpositsioon,kontrollpositsioonidele,eduna liiguvad naised narkokaubanduses kontrollpositsioonidele
9375,südamelõikus,südamelõikusel,Ometi said aasta eest eest Tallinnas südamelõikusel käinud soomlast valuraha
9379,roosk,roosas,naine istub roosas poosis
9415,keskkatlamaja,keskkatlamajas,keskkatlamajas käib ümberhindamine
9429,erakliinik,erakliinikust,Presidendikandidaat lahkus eile erakliinikust võrreldes
9437,Tianjin,Tianjinis,Tianjinis jooksis hiinlane tõkkeid ga
9438,tekstiilistuudio,tekstiilistuudioski,soovidega käivad soomlased tekstiilistuudioski
9448,vilemees,vilemeestest,Jutt käib vilemeestest
9484,Idoneesia,Idoneesias,Mõlemaga käis Karrer aastal kontserdireisil Idoneesias
9485,kooliteater,kooliteatris,kunagi ammu kooliteatris käinud
9637,olümpiavõit,olümpiavõidule,liikusid olümpiavõidule lähemale
9641,mitteteatamine,mitteteatamises,Peale Peale nende astub kohtu ette ette süüdistatuna mitteteatamises
9689,pühapäevaõhtu,pühapäevaõhtul,nad pühapäevaõhtul mehega koos koos diivanil istusid
9696,mäestik,mäestikes,Tema pole mäestikes üldse käinud
9716,Pentagon,Pentagonis,staabiülem käis Pentagonis
9719,orelifestival,orelifestivalil,Kummati astus breemenlane kuu pärast pärast orelifestivalil ettekannete järel järel
9726,Brodway,Brodwayl,Brodwayl pole ma käinud
9751,jääpank,jääpangal,Näiteks aprilli algul algul istus kobras silla juures juures jääpangal
9762,Ahja,Ahjal,Käisime Ahjal
9766,energeetikainstituut,Energeetikainstituuti,Alguses astus Koržakov Energeetikainstituuti
9767,ratsutamistrenn,ratsutamistrennis,kes käisid kooli ajal ajal ratsutamistrennis
9777,taasloomine,taasloomisest,taasloomisest alates alates on seal täiendamas käinud korravalvuri
9783,TShetSheenia,TShetSheenias,kes kord käis juba nädalal TShetSheenias
9798,kommentaatoripink,kommentaatoripingil,kommentaatoripingil istunud
9869,stiilne,stiilselt,Koolis käis ta alguses rõhutatult stiilselt
9934,Sumatra,Sumatral,Davies on käinud tänavu ekspeditsioonil Sumatral otsis
9947,Saare,Saarele,Saarele käib sadamast postipaat
9953,Nelonen,Nelonenis,Hamish jookseb Soome Nelonenis kolmapäeva õhtuti
9956,amnestiakampaania,amnestiakampaaniast,Jutt käib amnestiakampaaniast
10004,võmmikong,võmmikongis,mina istun peaga võmmikongis
10023,rahajagamine,Rahajagamisel,Rahajagamisel istuvad kõik ümber ümber laua
10030,püstitiir,Püstitiirust,Püstitiirust lahkus prantslane nulliga
10045,Päivi,Päivil,Päivil käis talleke jala kõrval kõrval
10050,riigikontrolöritool,riigikontrolöritoolil,Enne Enne saamist istus aga riigikontrolöritoolil Juhan
10075,Kert,Kerdil,Järelikult on Ameerika-õping taustaga Kerdil üle üle jõu käinud
10141,peaministripõli,peaministripõlves,Savisaar käis peaministripõlves samuti Ruhnus
10154,portselan,portselani,memmed portselani käivad maalimas
10197,palav,palavas,Istub minutit palavas portselan
10203,konverentsiruum,konverentsiruumi,Taustalauljad liiguvad autorite saatel saatel konverentsiruumi
10229,vereproov,vereproovis,Teised tõsi üle üle korra aastas vereproovis ei käi
10292,Puhkus,Puhkusel,Puhkusel pole ma aastat käinud
10307,Kolkja,Kolkjas,käib kõrvalkülas Kolkjas õpilastele õpetamas
10332,klassikokkutulek,klassikokkutulekul,nädalal käisin klassikokkutulekul
10348,lemmikasend,lemmikasendis,istud lemmikasendis
10350,Ventspilsi-mäng,Ventspilsi-mängu,Ventspilsi-mängu käis vaatamas pealtvaatajat
10359,Voronež,Voronežis,ajakirjanikud Venemaal Voronežis käisid
10362,Üleeilne,Üleeilsel,JALGPALL Üleeilsel mängul liikus kõmu jätkaks
10392,tööseminar,tööseminaril,peasekretär käis nädalavahetusel tööseminaril Austrias
10429,soovahetuslõikus,soovahetuslõikusel,saladuses käis soovahetuslõikusel aastal
10451,kaitsemüür,kaitsemüüri,rünnak jooksis lootusetult Flora sedapuhku kaitsemüüri
10491,nõmmevärav,Nõmmeväravas,Käisin Nõmmeväravas söömas
10495,tööpinge,tööpingest,asfalteerijatel jooksis eile tööpingest higi kole
10531,Mikk,Mikku,Õnneks pole fännid Mikku suisa jalust maha jooksnud
10681,olümpiakuld,olümpiakullast,siis käib jutt olümpiakullast
10682,kita,kitas,dollar liikus marga suhtes suhtes stabiilselt kitas kursivahemikus piiri
10727,elektrienergeetika,elektrienergeetikast,See käis arusaamade kohta kohta elektrienergeetikast tagasivaates
10743,likvidaator,likvidaatoritest,oli juttu Tšernobõlist käinud likvidaatoritest
10778,peied,peietel,te käite alati peietel
10783,redu,rettu,rettu jooksnud
10837,varitöökoht,Varitöökohal,Varitöökohal käisid gümnaasiuminoored Kalevis
10854,vana-aastaöö,vana-aastaööl,Nii käiski neiu vana-aastaööl otsimas
10868,Monsi,Monsis,juhtimine käib kilomeetrit Monsis
10871,eeskivi,Eeskivil,eemal pole Eeskivil tühjalt jooksnud
10893,raudteejama,raudteejamas,Kell istusid raudteejamas rööbastel meest
10950,tippõpetaja,tippõpetajatelt,paralleelselt käisid tantsutunnid tippõpetajatelt üle üle maailma
10951,HZDS,HZDS-i,võitlus käib HZDS-i rohkem
11005,matkaking,matkakingades,käid päevast päeva matkakingades
11027,mõisapark,mõisapargis,mõisapargis käib keset keset päeva töö
11048,osatäitja,osatäitjatelt,Käisime koos koos sõbrannaga osatäitjatelt küsimas
11069,eetrituba,eetritoas,Milling istuvad hommikul kell Raadio eetritoas mõmmidega pidzhaamas
11100,toidumaailm,toidumaailmas,toidumaailmas liigub rohkelt turiste
11116,palgatöötaja,palgatöötajatele,palgatöötajatele käis hind esialgu lihtsalt üle üle jõu
11149,pop-art-klubi,pop-art-klubides,noored käivad pop-art-klubides
11178,mudaravi,mudaravil,Turgutuseks käivad võistlejad Pärnus mudaravil
11211,teleuudis,teleuudistes,teleuudistes jooksid nädalavahetusel korduvalt kaadrid mehest
11215,Wave-Gotik-Treffen,Wave-Gotik-Treffen'il,diktaator sedapuhku käis tarbeks Leipzigis Wave-Gotik-Treffen'il hankimas
11222,tsirkusekool,tsirkusekoolis,Ma polegi tsirkusekoolis käinud
11229,vanaaastaõhtu,vanaaastaõhtul,vanaaastaõhtul lahkus noormeest omavoliliselt väeosast
11233,luureretk,luureretkel,Gerard käis luureretkel
11240,kalastusretk,kalastusretkedel,poolsaarel käivad kalastusretkedel vägevad
11253,aerutamine,aerutamises,spordialal aerutamises astuvad täna võistlustulle linna-
11300,intervjuusild,intervjuusillale,meest astus intervjuusillale kuumust
11314,autoreis,autoreisil,aastal käisid abikaasad autoreisil Euroopas maailmameistrivõistlustel
11360,seimifraktsioon,seimifraktsioonist,lahkus koos koos mõttekaaslastega seimifraktsioonist
11395,hingamine,hingamisest,Jutt käib hingamisest
11425,Leesoja,Leesojal,Käin Leesojal aeg-ajalt laadimas
11447,jutukas,jutukates,tundub siis jutukates käib see pidevalt
11463,Soontaga,Soontagas,Käisin Soontagas kokkutulekul
11489,SEK/USD,SEK/USD,kurss liikus stabiilsena vahemikus SEK/USD
11490,nelik,nelikus,nelikus jooksevad Indrek
11517,tuumaelektrijaam,tuumaelektrijaamas,Teisipäeval käis Havel tuumaelektrijaamas
11545,D-suurus,D-suuruses,siis näiteks D-suuruses rind liigub minnes
11557,tööl-kool,tööl-koolis,perekondi käib Harjumaalt Tallinnas tööl-koolis
11608,poksisaal,poksisaalis,talve käis poksisaalis treeningurühm
11616,kramp,krampides,Üleeile tõttasid Bechkamid krampides pojaga otseteed haiglasse
11627,jõesäng,Jõesängis,Jõesängis jooksis jõevesi
11653,pisike,pisikesest,Olen pisikesest peale peale arstide juures juures käinud
11668,luksuskauplus,luksuskauplusse,näitsik astub luksuskauplusse
11746,revisjon,revisjonist,jutt käib revisjonist põgusalt
11847,keskarvutis,keskarvutisse,juhtmed jooksevad keskarvutisse trükitakse
11854,ETA,ETA-st,oleks kuu jooksul jooksul ETA-st lahkunud inimest
11896,surmajuhtum,surmajuhtumisse,näkk käisid meelelahutuslinnas surmajuhtumisse toomas lind
11897,suvituslinn,suvituslinnas,Mackepeace käisid seekord suvituslinnas
11981,tulevikukonverents,tulevikukonverentsil,peaminister käis nädalavahetusel Madridis tulevikukonverentsil
12010,Linares,Linareses,võitlus käis Linareses Anandi vahel vahel
12023,Lõuna-Tiibeti,Lõuna-Tiibetist,Kohalikud käivad Lõuna-Tiibetist naabrite juures juures õppimas
12044,AK,AKst,ma AKst lahkun
12098,Eentalu,Eentalule,Öövel käis isiklikult Eentalule ütlemas
12148,seiping,seipingutes,Käivad seipingutes
12154,originaalmäng,originaalmängus,originaalmängus käis tegevus labürindis
12157,Belgia-lennuk,Belgia-lennukile,kas Belgia-lennukile astub Saviauk
12220,maksuprobleem,maksuprobleemidest,Tõnis istub teda maksuprobleemidest hoolimata hoolimata linnapea kohal kohal
12222,kontpuuoks,kontpuuoksal,muidu linavästrik istub rahulikult kontpuuoksal võtnud
12223,pilliroovars,pilliroovartel,pilliroovartel liigub vees kübemeid
12256,välisjää,välisjääl,saavutamiseks käisid õde-venda Kadriorus välisjääl harjutamas
12259,riigipolikliinik,riigipolikliinikuis,nii see ajal riigipolikliinikuis käis
12260,koolis-lasteaed,koolis-lasteaias,koolis-lasteaias käib aga last
12280,Ojukausti,Ojukaustis,Ojukaustis tõttasid sotsid oravatele appi umbusaldusavaldusega
12286,naistejaht,naistejahil,kes Prahas naistejahil käivad
12291,skaudirühm,skaudirühmas,Juhan käis skaudirühmas
12350,tankerlaev,tankerlaeval,ametnikud käisid eile uuesti tankerlaeval võtta
12362,ratsaretk,ratsaretkel,nädalal käisin Soomaal rantšos ratsaretkel
12370,keele-uurimisreis,keele-uurimisreisidel,keeleteadlane käis kelguga keele-uurimisreisidel
12440,Lõuna-Sahhalinski,Lõuna-Sahhalinskis,Lõuna-Sahhalinskis käib uurimine asjus
12454,Mäkinen,Mäkinenil,Mäkinenil käis konkurents prantslase
12471,lauots,lauotsas,Pereisa istub lauotsas
12493,Lääne-Sahara,Lääne-Saharas,andmine käis Lääne-Saharas oli
12499,mesipuu,Mesipuust,Mesipuust lahkunud
12530,meditsiiniühing,meditsiiniühingus,Christina käisid hiljuti meditsiiniühingus
12549,sõjaväeõppeasutus,sõjaväeõppeasutusse,Detsembris astus ta sõjaväeõppeasutusse
12566,põrm,põrmu,Eestist lahkuvad baltisakslased matsid põrmu ümber ümber Königsbergi teadmata
12594,eeluurimispaik,eeluurimispaigas,Aivar istub eeluurimispaigas kahtlustatavad
12602,bussipaviljon,Bussipaviljonis,Bussipaviljonis istusid inimest
12619,titeoode,titeootel,alati käivad näitustel titeootel emad
12651,lobby,lobbys,Aneti istusid nad parajasti lobbys diivanil ehmatasid
12672,sillakomisjon,sillakomisjonis,sillakomisjonis istuvad aga mehed
12701,magamismatt,magamismatil,ajal istus luureohvitser staabitoas magamismatil
12712,abielurikkumine,abielurikkumisest,jutt käib siin abielurikkumisest
12745,väidetav,väidetavale,väidetavale hävitanud käib siin talus
12764,t4napäev,t4napäeval,sekretärist t4napäeval jutt käib
12768,emt,emt-s,emt-s käib see samamoodi on
12776,paugutaja,paugutajatele,käib paugutajatele ee
12804,A-rühm,A-rühmas,A-rühmas on hooaja keskel keskel kuute istunud
12812,maratonisõit,maratonisõidus,Andrus maratonisõidus iidolile kandadele ei astunuks
12857,zoom,zoomile,zoomile liigub teravustamisrõngas kergesti
12859,üleelmine,üleelmisel,Jutt ei käi eile üleelmisel sellest
12868,30dB,-30dB,korralik istub -30dB juures juures
12887,ntx,ntx,kas XP ka niimoodi ntx otsas otsas käib windowsid
12894,detsibell,detsibellides,helitehnika detsibellides käibki
12895,heliagedus,heliagedustest,jutt käib heliagedustest kHz
12942,noortemäng,noortemängule,noorjalgpallur lahkub hommikul koos koos ema-isaga kodunt noortemängule
12943,al,al,liikus al Zarqawi jalal
12944,Vennikas,Vennikasel,joostes käis Vennikasel tuli
12984,murdmaakoondis,murdmaakoondisest,Lahkunud murdmaakoondisest pisarais
12994,portugaalas,portugaalastele,Kutid lihtsalt ei istu portugaalastele
13044,Natasa,Natasal,Saatan käib Moskvas Natasal külas
13052,kosmeetikakabinet,kosmeetikakabinetis,käib ajal sageli kosmeetikakabinetis
13058,sisseistuja,sisseistujal,seadminegi käib sisseistujal üle üle mõistuse
13078,farmim,farmimas,guild ei käi farmimas veel enne enne expansionit
13099,v2lja,v2ljast,nad ei lahku kunagi v2ljast
13115,kehtivusala,kehtivusalas,rong liigub kehtivusalas
13126,küünikatus,Küünikatusel,Küünikatusel istub linnupaar
13243,klaveritool,klaveritoolile,kell istub ta klaveritoolile
13251,loendur,loendurist,tahab astub loendurist käsi
13264,SC,SC,Kas SC vastu vastu käib siis jaht
13274,filtreerimine,filtreerimisest,Jutt käib filtreerimisest
13279,puiduturg,Puiduturus,mnt Puiduturus käisin
13306,krt,krt,krt tuttav käib mulle koguaeg pinda
13308,zone.ee,zone.ee-s,WordPress ei jookse zone.ee-s
13391,ne,ne,te seal niisama ne laiaks istute
13422,keskkoolipäev,keskkoolipäevil,keskkoolipäevil käis Marge lilleseadekursusel
13423,stepilaud,stepilauale,astud korda stepilauale
13426,Rinnulietapp,Rinnulietapil,Rinnulietapil liikus Aljand küll kiiremini
13446,teekõrv,teekõrval,istusin teekõrval
13447,torukott,torukotti,Telk käivad torukotti
13455,vooluahel,vooluahelasse,mis käib vooluahelasse karbina
13461,hävima,hävib,asju ei käi maailmas pauguga ikka tasapisi hävib raam
13467,peaots,peaotsas,mees lahkus syndmuskohalt peaotsas
13468,tugi,tugedele,istud sadulale jalad tugedele
13477,veneaeg,veneajal,veneajal käis mees Minskiga mere ääres ääres
13507,ärikeskus,Ärikeskusest,aastate jooksul jooksul on Ärikeskusest üksteise järel järel lahkunud ettevõtted
13535,klaasimaal,klaasimaalis,kes käivad klaasimaalis
13629,seaduseelnõu,seaduseelnõus,mis siin seaduseelnõus käib reklaami kohta kohta
13662,purustusala,Purustusalal,Purustusalal käinud
13671,keeramine,keeramisel,sõites keeramisel liigub auto poole üldse
13702,keskmaja,keskmajas,Nüüd kõndis ta peremehesammul keskmajas
13721,bite,bites,hetkel ei liigu enam bites sent jookseb
13723,cd,cd'l,cd'l ei käi vormingus data
13725,EXEs,EXEsi,tegelikult vist ei istunud DLL kaustas muidu EXEsi
13771,70C,70C,inbox jookseb 70C
13785,bio,bios,kiibid jooksevad bios programmiga
13788,keskmaa,Keskmaalt,aastal lahkus koos koos Elrondi Keskmaalt Maadele
13809,Overneti,Overnetist,Overnetist minul jookseb see igatpidi ilusti
13811,2K,2K,s.t. asi jookseb W9x 2K all all
13867,Pihkvamaa,Pihkvamaal,novembril käis Jeltsin isiklikult Pihkvamaal tagumas
13917,ametiisik,ametiisikutele,Sama käib ametiisikutele võimatu
13949,eksamitund,eksamitunnis,capiche istub eksamitunnis mu ees ees selgus
13975,avatar,avatarist,avatarist käib jutt
14034,korp,korbis,käisin korbis
14058,freedomi,freedomil,freedomil käisin siis see tänaval oli
14069,Ptüikuup,Ptüikuubis,Ptüikuubis üle üle õla eks aga tavaliselt käib see kolides vastupidi
14136,hanejaht,hanejahil,Hiljuti käis Baggio Rumeenias hanejahil
14159,Neloneni,Nelonenis,West jookseb Nelonenis neljapäeviti kl
14179,adidress,adidressis,koolis käin trukkidega adidressis
14189,btw,btw,kettaheide käib btw
14202,rahvasõit,rahvasõitudel,võrreldes mis rahvasõitudel käivad
14208,kelkam,kelkamas,käisin toomel kelkamas
14212,kasvatamine,kasvatamisest,Enne käis jutt kasvatamisest
14214,šhukokas,šhukokais,Mina käin šhukokais
14242,sekretariaadiruum,sekretariaadiruumis,kes istus Otepääl hotellis sekretariaadiruumis
14272,p.,p.-sse,ei ole koolis käinud jalaga p.-sse
14374,brauser,brauserites,brauserites käib kasutamine koos koos Alt Alt klahviga
14432,Valgre-kontsert,Valgre-kontserdil,Valgre-kontserdil üles astunud
14480,alevipood,alevipoodides,käisid alevipoodides
14505,Tai-reis,Tai-reisil,Koos Koos abikaasaga Tai-reisil käinud
14509,ümbernimetamine,ümbernimetamisest,jutt käib ümbernimetamisest
14547,rahatrepp,rahatrepil,sünniga liigub pere rahatrepil allapoole
14582,motodoktor,motodoktoris,Käisin motodoktoris
14591,sry,sry,sry megadest siiski jutt käib
14624,tulemüür,tulemüüris,tulemüüris jookseb kood hädapärast
14634,Rodeesia,Rodeesiast,inglased lahkusid Aafrikast Rodeesiast
14653,varitsusala,varitsusalalt,lahkusid kiiresti varitsusalalt
14666,Talna,Talnas,tema käis kooriga Talnas asutamas
14674,karja-maa,karja-maalt,noored lahkuvad karja-maalt marjamaale
14700,londoni,londonis,käisin londonis
14706,E30,E30,kas E30 puhul puhul ka nii käib
14790,erialakompa,erialakompal,Pisike käib erialakompal
14793,transa,transas,kes transas käib
14803,omasõna,omasõnul,Ta on omasõnul käinud koolis
14907,miniloomaaed,miniloomaaias,Seal käisime miniloomaaias klõpsisid
14967,Tšeljabinsk,Tšeljabinskis,novembris käis Tšeljabinskis delegatsioon
14979,poznanin,poznanini,poznanini jookseb kiirtee
14993,peenis,peenises,Käisin peenises
15022,koolikõrv,Koolikõrvalt,Koolikõrvalt käin niitihti jõuan
15037,riigikaitselaager,riigikaitselaagris,käis klassiga riigikaitselaagris puudunud
15052,london,londonis,ise olen londonis korda käinud
15061,tubakas,tubakatest,tubakatest istuvad omad
15069,portugal,portugalis,kas tiit on käinud portugalis
15167,kork,korgile,Enne astud korgile
15185,ostuteema,ostuteemadel,ütleb käib jutt ilmselt ostuteemadel
15194,kaugküttesüsteem,kaugküttesüsteemist,kaugküttesüsteemist lahkus maja
15224,tasakaal,tasakaalus,Minu arust arust käib seadus pigem tasakaalus naiste kohta kohta
15225,kontoritool,kontoritoolidel,Sealsamas näitsikud istuvad kontoritoolidel
15292,pagasipea,pagasipeale,mis käib pagasipeale
15296,kummipoks,kummipoksis,Veljega käiks kummipoksis
15297,amort,amortidele,autol käivad amortidele vedrud
15303,melasi,melasis,käisin melasis abi
15306,Orioni,Orionil,Orionil siis käis sisu plastist klambritega
15314,opsysteem,opsysteemi,lykkamine käib ikka opsysteemi vahenditega
15318,RH8,RH8,mis jookseb RH8 peal peal depthi
15352,skinhead,skinheadidest,jutt käis skinheadidest
15372,sametkleit,sametkleidis,Järsku astub saali neiu punases varrukateta sametkleidis
15433,hullusehoog,hullusehoogudel,tee sisse sisse käib piim hullusehoogudel
15516,informeeritus,informeeritusele,Mäng käib informeeritusele osa
15547,õigusemõistmine,õigusemõistmisest,Jutt käib õigusemõistmisest
15562,tähis,tähisel,uskumuse kohaselt kohaselt istusid hinged taevas tähisel puul
15629,erastamisturg,erastamisturul,teame käib erastamisturul kauplemine selle üle üle
15668,tegevuskulu,tegevuskuludest,Jutt käib tegevuskuludest
15712,jooxma,jooxmas,käisin jooxmas
15713,nyyt,nyyt,käin nyyt
15718,Roooosihaisunen,ROOOOSIHAISUSEST,ma lahkun ROOOOSIHAISUSEST kessskonnnast
15720,ä,ä,ah marco käi ä
15726,49.,49-das,ma käisin 49-das
15760,teiearu,teiearust,Kas asjad käisid teiearust kiiresti
15782,lihcca,lihccalt,ma sõjas võrus käisin lihccalt
15785,välla,vällas,ma käisin täna vällas juba ilm
15794,v6ru,v6rus,v6rus ma ikka käin vahest
15858,pruulimesina,pruulime_sinule,pruulime_sinule kanal käib asi
15866,varstu,varstus,sa varstus ei käi
15885,rrg,rrg-s,ma käisin kah kunagi rrg-s
15900,kiisu15,kiisu15,kiisu15 ei klassikad käisid
15914,ärn,ärnil,kes ärnil külas käivad
15930,sucu,sucul,ma käin sucul ää
15963,pucima,puci,käige puci
15976,hispaania,hispaanias,käisin suvel hispaanias keelekursustel
15977,webima,webis,ma käin aeg seal webis
15980,eriaeg,eriaegadel,uurijanna järelikult me eriaegadel päevadel käime
16007,Tlna,Tlnas,ma aeg käin Tlnas
16027,nyyyd,nyyyd,lahkun nyyyd ~ ~
16060,läbum,läbumas,käisime poistega linna peal peal läbumas
16082,araabia,araabias,käi korra araabias
16112,jäneda,jänedal,ma käisin jänedal ükskord
16145,mz,mz,mz värk käib
16163,r6ve,r6ve,istud kodus 24 r6ve server
16177,2sti,2sti,ma käin seal 2sti tihti tarbjal
16196,kadrina,kadrinas,kas liinah kadrinas käib
16199,oledkool,oledkoolis,sa oledkoolis käinud
16204,plekool,plekoolis,plekoolis käinud
16211,keleg,kelegile,kelegile trance istub
16266,virunet,virunetis,käin virunetis
16310,am,am,tglt am lahkun
16324,maurus,mauruses,mina olen see nädal korda mauruses käinud
16558,ltsimaja,ltsimajas,mehed käivad ltsimajas
16594,ristimine,ristimisel,ma käisin täna ristimisel
16660,läbitömbam,läbitömbamas,jerait ta käis läbitömbamas
